{"_runtime":74.627724926,"batch_loss":6.310909271240234,"batch_asr":0,"_step":4,"_wandb":{"runtime":75},"_timestamp":1.7312729467258217e+09,"epoch_avg_asr":0,"epoch_best_batch_asr":0,"epoch":1}