{"batch_loss":7.369266986846924,"_step":4,"epoch_avg_asr":0,"_timestamp":1.7313288558986742e+09,"epoch_best_batch_asr":0,"_wandb":{"runtime":72},"batch_asr":0,"epoch":1,"_runtime":72.410096295}