{"batch_asr":0,"epoch":1,"batch_loss":4.811481475830078,"epoch_avg_asr":0.004464285714285714,"epoch_best_batch_asr":0.03125,"_timestamp":1.731874653651211e+09,"_runtime":140.701016861,"_step":7,"_wandb":{"runtime":140}}