{"_runtime":249.898354062,"_step":10,"batch_loss":8.580362319946289,"batch_asr":0,"epoch":1,"_wandb":{"runtime":272},"_timestamp":1.7318476883205724e+09}