{"_wandb":{"runtime":1},"_timestamp":1.729067703020893e+09,"_runtime":1.891677579,"_step":0,"vit_b_16_success_rate":0}