{"_runtime":90.538267919,"_wandb":{"runtime":91},"_step":6,"batch_loss":8.257415771484375,"batch_asr":1,"epoch":1,"_timestamp":1.72968978208652e+09}