{"_wandb":{"runtime":76},"epoch":1,"epoch_best_batch_asr":0,"_timestamp":1.7312728348395941e+09,"batch_loss":6.310909271240234,"epoch_avg_asr":0,"batch_asr":0,"_runtime":75.638678034,"_step":4}