{"_runtime":141.855145179,"_wandb":{"runtime":142},"_step":7,"batch_asr":0,"_timestamp":1.7317715036877673e+09,"epoch":1,"epoch_best_batch_asr":0,"epoch_avg_asr":0,"batch_loss":5.502068996429443}